,Date,Open,Close
1,2018-01-01,4570.0,4604.10009765625
2,2018-01-02,4601.2998046875,4581.7998046875
3,2018-01-03,4580.0498046875,4581.7001953125
4,2018-01-04,4580.0,4625.25
5,2018-01-05,4640.0,4684.39990234375
6,2018-01-08,4745.0,4687.2998046875
7,2018-01-09,4670.0,4584.4501953125
8,2018-01-10,4626.0,4587.5498046875
9,2018-01-11,4759.0,4659.35009765625
10,2018-01-12,4653.7998046875,4737.89990234375
11,2018-01-15,4750.0,4794.7998046875
12,2018-01-16,4765.0498046875,4735.64990234375
13,2018-01-17,4692.0498046875,4721.7001953125
14,2018-01-18,4730.0498046875,4707.60009765625
15,2018-01-19,4650.0,4632.39990234375
16,2018-01-22,4650.0,4722.2998046875
17,2018-01-23,4702.0,4721.9501953125
18,2018-01-24,4710.0,4690.25
19,2018-01-25,4665.0,4640.2998046875
20,2018-01-26,,
21,2018-01-29,4606.0498046875,4617.4501953125
22,2018-01-30,4657.14990234375,4674.60009765625
23,2018-01-31,4675.0,4673.64990234375
24,2018-02-01,4700.0,4644.64990234375
25,2018-02-02,4660.0,4627.14990234375
26,2018-02-05,4505.10009765625,4608.39990234375
27,2018-02-06,4528.0498046875,4566.5
28,2018-02-07,4565.39990234375,4559.35009765625
29,2018-02-08,4555.75,4555.85009765625
30,2018-02-09,4500.0,4508.0
31,2018-02-12,4537.85009765625,4496.60009765625
32,2018-02-13,,
33,2018-02-14,4525.0,4545.0
34,2018-02-15,4524.89990234375,4556.5
35,2018-02-16,4523.0,4473.10009765625
36,2018-02-19,4512.0,4424.75
37,2018-02-20,4475.2998046875,4369.2998046875
38,2018-02-21,4364.0,4280.39990234375
39,2018-02-22,4282.14990234375,4231.85009765625
40,2018-02-23,4230.0498046875,4201.7001953125
41,2018-02-26,4232.0,4286.5
42,2018-02-27,4327.9501953125,4298.0498046875
43,2018-02-28,4270.0498046875,4275.2001953125
44,2018-03-01,4256.10009765625,4296.4501953125
45,2018-03-02,,
46,2018-03-05,4252.14990234375,4265.0498046875
47,2018-03-06,4325.0,4291.25
48,2018-03-07,4243.0498046875,4236.2998046875
49,2018-03-08,4250.5,4249.7001953125
50,2018-03-09,4230.0498046875,4227.10009765625
51,2018-03-12,4216.0,4167.5
52,2018-03-13,4179.0,4184.25
53,2018-03-14,4175.0,4166.0
54,2018-03-15,4146.5,4144.85009765625
55,2018-03-16,4150.10009765625,4058.5
56,2018-03-19,4056.0,4052.300048828125
57,2018-03-20,4055.699951171875,3988.5
58,2018-03-21,4000.0,3983.35009765625
59,2018-03-22,3999.10009765625,3943.25
60,2018-03-23,3927.60009765625,3866.85009765625
61,2018-03-26,3874.300048828125,3776.89990234375
62,2018-03-27,3810.0,3845.050048828125
63,2018-03-28,3790.050048828125,3777.0
64,2018-03-29,,
65,2018-04-02,3790.0,3778.89990234375
66,2018-04-03,3965.0,3744.800048828125
67,2018-04-04,3749.449951171875,3759.800048828125
68,2018-04-05,3755.300048828125,3766.5
69,2018-04-06,3755.0,3738.39990234375
70,2018-04-09,3730.050048828125,3726.14990234375
71,2018-04-10,3784.89990234375,3847.60009765625
72,2018-04-11,3857.699951171875,3749.60009765625
73,2018-04-12,3810.0,3755.39990234375
74,2018-04-13,3750.0,3833.39990234375
75,2018-04-16,3760.75,3795.89990234375
76,2018-04-17,3805.25,3796.699951171875
77,2018-04-18,3790.949951171875,3807.5
78,2018-04-19,3760.050048828125,3838.85009765625
79,2018-04-20,3853.14990234375,3838.60009765625
80,2018-04-23,3865.14990234375,3849.75
81,2018-04-24,3875.0,3902.60009765625
82,2018-04-25,3955.0,3890.050048828125
83,2018-04-26,3845.35009765625,3813.5
84,2018-04-27,3826.5,3808.300048828125
85,2018-04-30,3810.0,3710.300048828125
86,2018-05-02,3699.5,3667.60009765625
87,2018-05-03,3679.949951171875,3682.699951171875
88,2018-05-04,3680.0,3568.699951171875
89,2018-05-07,3500.10009765625,3586.800048828125
90,2018-05-08,3586.0,3587.60009765625
91,2018-05-09,3613.39990234375,3522.800048828125
92,2018-05-10,3522.050048828125,3503.89990234375
93,2018-05-11,3504.0,3342.949951171875
94,2018-05-14,3250.300048828125,3354.5
95,2018-05-15,3262.0,3279.85009765625
96,2018-05-16,3230.0,3358.5
97,2018-05-17,3272.0,3329.449951171875
98,2018-05-18,3345.10009765625,3339.14990234375
99,2018-05-21,3345.050048828125,3271.5
100,2018-05-22,3361.0,3302.300048828125
101,2018-05-23,3378.0,3321.85009765625
102,2018-05-24,3370.35009765625,3369.699951171875
103,2018-05-25,3387.800048828125,3501.35009765625
104,2018-05-28,3500.0,3524.0
105,2018-05-29,3508.449951171875,3445.14990234375
106,2018-05-30,3411.5,3437.10009765625
107,2018-05-31,3403.5,3438.10009765625
108,2018-06-01,3500.0,3604.199951171875
109,2018-06-04,3622.199951171875,3610.14990234375
110,2018-06-05,3552.800048828125,3480.800048828125
111,2018-06-06,3470.5,3545.10009765625
112,2018-06-07,3545.10009765625,3482.85009765625
113,2018-06-08,3482.5,3445.25
114,2018-06-11,3544.0,3466.39990234375
115,2018-06-12,3466.14990234375,3499.550048828125
116,2018-06-13,3491.14990234375,3514.85009765625
117,2018-06-14,3489.050048828125,3495.60009765625
118,2018-06-15,3471.050048828125,3615.699951171875
119,2018-06-18,3633.949951171875,3752.5
120,2018-06-19,3730.0,3685.25
121,2018-06-20,3711.0,3703.449951171875
122,2018-06-21,3750.0,3639.5
123,2018-06-22,3600.0,3575.0
124,2018-06-25,3591.800048828125,3586.25
125,2018-06-26,3614.85009765625,3606.64990234375
126,2018-06-27,3625.800048828125,3545.35009765625
127,2018-06-28,3493.050048828125,3570.699951171875
128,2018-06-29,3511.0,3651.60009765625
129,2018-07-02,3680.0,3668.5
130,2018-07-03,3699.89990234375,3652.449951171875
131,2018-07-04,3650.0,3629.050048828125
132,2018-07-05,3648.300048828125,3610.800048828125
133,2018-07-06,3634.60009765625,3601.85009765625
134,2018-07-09,3649.949951171875,3665.949951171875
135,2018-07-10,3650.0,3622.550048828125
136,2018-07-11,3614.5,3599.75
137,2018-07-12,3599.75,3625.0
138,2018-07-13,3617.64990234375,3602.85009765625
139,2018-07-16,3569.0,3598.75
140,2018-07-17,3588.949951171875,3522.0
141,2018-07-18,3520.25,3558.5
142,2018-07-19,3560.85009765625,3554.800048828125
143,2018-07-20,3517.0,3558.10009765625
144,2018-07-23,3558.10009765625,3558.10009765625
145,2018-07-24,3558.10009765625,3679.699951171875
146,2018-07-25,3685.0,3684.75
147,2018-07-26,3665.0,3729.050048828125
148,2018-07-27,3743.199951171875,3745.10009765625
149,2018-07-30,3747.5,3809.449951171875
150,2018-07-31,3851.0,3713.25
151,2018-08-01,3674.300048828125,3658.949951171875
152,2018-08-02,3640.050048828125,3601.550048828125
153,2018-08-03,3650.0,3684.050048828125
154,2018-08-06,3640.0,3620.050048828125
155,2018-08-07,3641.0,3585.949951171875
156,2018-08-08,3582.0,3560.60009765625
157,2018-08-09,3600.050048828125,3551.60009765625
158,2018-08-10,3598.199951171875,3579.949951171875
159,2018-08-13,3558.14990234375,3562.5
160,2018-08-14,3554.300048828125,3624.60009765625
161,2018-08-15,,
162,2018-08-16,3630.0,3637.85009765625
163,2018-08-17,3646.0,3613.14990234375
164,2018-08-20,3600.0,3597.5
165,2018-08-21,3592.25,3565.25
166,2018-08-22,,
167,2018-08-23,3600.0,3545.75
168,2018-08-24,3530.0,3536.5
169,2018-08-27,3500.0,3503.800048828125
170,2018-08-28,3507.0,3475.64990234375
171,2018-08-29,3499.0,3466.800048828125
172,2018-08-30,3480.0,3467.60009765625
173,2018-08-31,3480.0,3462.449951171875
174,2018-09-03,3449.0,3445.14990234375
175,2018-09-04,3450.0,3402.199951171875
176,2018-09-05,3420.0,3372.64990234375
177,2018-09-06,3350.050048828125,3349.300048828125
178,2018-09-07,3340.0,3320.0
179,2018-09-10,3320.0,3322.0
180,2018-09-11,3327.0,3258.050048828125
181,2018-09-12,3250.0,3195.39990234375
182,2018-09-13,,
183,2018-09-14,3150.0,3161.5
184,2018-09-17,3158.0,3173.449951171875
185,2018-09-18,3200.0,3127.949951171875
186,2018-09-19,3111.0,3104.5
187,2018-09-20,,
188,2018-09-21,3160.0,3082.64990234375
189,2018-09-24,3085.050048828125,3010.300048828125
190,2018-09-25,3005.60009765625,2991.39990234375
191,2018-09-26,3069.550048828125,3019.64990234375
192,2018-09-27,3011.60009765625,3018.550048828125
193,2018-09-28,2990.050048828125,2965.10009765625
194,2018-10-01,2900.050048828125,2928.699951171875
195,2018-10-02,,
196,2018-10-03,2930.0,2971.449951171875
197,2018-10-04,2912.0,2970.85009765625
198,2018-10-05,2950.0,2885.949951171875
199,2018-10-08,2885.949951171875,2899.60009765625
200,2018-10-09,2900.0,2789.5
201,2018-10-10,2971.0,2795.25
202,2018-10-11,2790.0,2793.85009765625
203,2018-10-12,2811.0,2798.449951171875
204,2018-10-15,2805.35009765625,2813.449951171875
205,2018-10-16,2814.0,2821.75
206,2018-10-17,2823.75,2784.35009765625
207,2018-10-18,,
208,2018-10-19,2780.0,2794.89990234375
209,2018-10-22,2771.0,2752.800048828125
210,2018-10-23,2721.0,2655.89990234375
211,2018-10-24,2650.0,2696.85009765625
212,2018-10-25,2655.89990234375,2664.699951171875
213,2018-10-26,2672.5,2696.949951171875
214,2018-10-29,2700.0,2792.800048828125
215,2018-10-30,2814.949951171875,2799.60009765625
216,2018-10-31,2800.050048828125,2805.949951171875
217,2018-11-01,2805.0,2757.050048828125
218,2018-11-02,2742.050048828125,2733.050048828125
219,2018-11-05,2750.0,2769.800048828125
220,2018-11-06,2795.0,2798.199951171875
221,2018-11-07,2800.0,2840.949951171875
222,2018-11-08,,
223,2018-11-09,2845.0,2953.0
224,2018-11-12,2950.550048828125,2920.64990234375
225,2018-11-13,2881.0,2909.10009765625
226,2018-11-14,2802.0,2976.60009765625
227,2018-11-15,2935.0,3062.699951171875
228,2018-11-16,2960.050048828125,3118.64990234375
229,2018-11-19,3139.550048828125,3112.64990234375
230,2018-11-20,3118.0,3110.75
231,2018-11-21,3125.0,3100.449951171875
232,2018-11-22,3083.550048828125,3053.5
233,2018-11-23,,
234,2018-11-26,3034.25,2997.39990234375
235,2018-11-27,2988.0,3077.64990234375
236,2018-11-28,3055.699951171875,3060.85009765625
237,2018-11-29,3060.0,3153.300048828125
238,2018-11-30,3153.0,3132.60009765625
239,2018-12-03,3132.60009765625,3132.60009765625
240,2018-12-04,3121.5,3129.75
241,2018-12-05,3154.300048828125,3137.199951171875
242,2018-12-06,3129.5,3100.0
243,2018-12-07,3105.0,3093.0
244,2018-12-10,3040.0,3013.85009765625
245,2018-12-11,3068.949951171875,3058.0
246,2018-12-12,3065.0,3061.60009765625
247,2018-12-13,3125.949951171875,3128.699951171875
248,2018-12-14,3100.0,3110.949951171875
249,2018-12-17,3115.0,3080.25
250,2018-12-18,3060.050048828125,3051.75
251,2018-12-19,3110.0,3077.800048828125
252,2018-12-20,3058.050048828125,3125.60009765625
253,2018-12-21,3114.5,3140.25
254,2018-12-24,3124.75,3109.800048828125
255,2018-12-26,3063.199951171875,3155.25
256,2018-12-27,3176.60009765625,3233.449951171875
257,2018-12-28,3210.199951171875,3299.75
258,2018-12-31,3350.0,3374.64990234375
259,2019-01-01,3338.550048828125,3419.699951171875
260,2019-01-02,3383.0,3356.949951171875
261,2019-01-03,3348.0,3340.0
262,2019-01-04,3315.0,3353.300048828125
263,2019-01-07,3536.449951171875,3336.0
264,2019-01-08,3310.0,3300.0
265,2019-01-09,3305.0,3287.0
266,2019-01-10,3297.0,3290.5
267,2019-01-11,3254.25,3242.10009765625
268,2019-01-14,3255.10009765625,3266.550048828125
269,2019-01-15,3263.0,3205.64990234375
270,2019-01-16,3242.35009765625,3287.64990234375
271,2019-01-17,3319.0,3332.89990234375
272,2019-01-18,3320.199951171875,3316.89990234375
273,2019-01-21,3315.0,3240.35009765625
274,2019-01-22,3240.0,3103.199951171875
275,2019-01-23,3090.0,3060.39990234375
276,2019-01-24,3071.699951171875,2990.89990234375
277,2019-01-25,3033.0,2979.60009765625
278,2019-01-28,2973.199951171875,2939.550048828125
279,2019-01-29,2966.0,3026.800048828125
280,2019-01-30,2974.5,3003.14990234375
281,2019-01-31,3052.25,3192.800048828125
282,2019-02-01,3241.449951171875,3172.75
283,2019-02-04,3169.35009765625,3158.85009765625
284,2019-02-05,3145.75,3098.60009765625
285,2019-02-06,3081.14990234375,3089.25
286,2019-02-07,3094.10009765625,3089.800048828125
287,2019-02-08,3104.89990234375,3129.10009765625
288,2019-02-11,3111.60009765625,3129.0
289,2019-02-12,3100.0,3098.199951171875
290,2019-02-13,,
291,2019-02-14,3033.0,3026.449951171875
292,2019-02-15,3023.0,3041.699951171875
293,2019-02-18,3030.0,3036.0
294,2019-02-19,3110.64990234375,3009.75
295,2019-02-20,3100.699951171875,2987.550048828125
296,2019-02-21,2992.39990234375,2989.800048828125
297,2019-02-22,3009.35009765625,3087.64990234375
298,2019-02-25,3102.0,3063.800048828125
299,2019-02-26,3061.0,3107.75
300,2019-02-27,3086.0,3125.949951171875
301,2019-02-28,3126.0,3144.39990234375
302,2019-03-01,3129.0,3145.050048828125
303,2019-03-04,,
304,2019-03-05,3120.0,3131.25
305,2019-03-06,3191.25,3203.949951171875
306,2019-03-07,3240.0,3235.64990234375
307,2019-03-08,3287.60009765625,3198.550048828125
308,2019-03-11,3350.0,3220.5
309,2019-03-12,3256.39990234375,3247.550048828125
310,2019-03-13,3250.0,3224.0
311,2019-03-14,3241.449951171875,3239.0
312,2019-03-15,3243.449951171875,3262.699951171875
313,2019-03-18,3300.0,3294.449951171875
314,2019-03-19,3310.89990234375,3454.64990234375
315,2019-03-20,3499.0,3402.60009765625
316,2019-03-21,,
317,2019-03-22,3447.949951171875,3461.5
318,2019-03-25,3461.5,3380.14990234375
319,2019-03-26,3415.0,3447.60009765625
320,2019-03-27,3460.39990234375,3473.39990234375
321,2019-03-28,3421.89990234375,3537.25
322,2019-03-29,,
323,2019-04-01,3600.0,3577.14990234375
324,2019-04-02,3589.10009765625,3490.550048828125
325,2019-04-03,3518.10009765625,3365.199951171875
326,2019-04-04,3465.800048828125,3330.75
327,2019-04-05,3368.39990234375,3341.449951171875
328,2019-04-08,3305.0,3350.199951171875
329,2019-04-09,3329.39990234375,3282.949951171875
330,2019-04-10,3287.699951171875,3282.800048828125
331,2019-04-11,3289.199951171875,3254.10009765625
332,2019-04-12,3250.050048828125,3252.85009765625
333,2019-04-15,3250.0,3285.449951171875
334,2019-04-16,3307.25,3254.60009765625
335,2019-04-17,,
336,2019-04-18,3225.050048828125,3223.85009765625
337,2019-04-22,3236.14990234375,3227.39990234375
338,2019-04-23,3217.0,3204.60009765625
339,2019-04-24,3192.75,3190.10009765625
340,2019-04-25,3198.89990234375,3134.14990234375
341,2019-04-26,3135.0,3093.550048828125
342,2019-04-29,,
343,2019-04-30,3093.550048828125,3266.0
344,2019-05-02,3173.0,3228.699951171875
345,2019-05-03,3381.949951171875,3155.25
346,2019-05-06,3104.0,3095.800048828125
347,2019-05-07,3107.050048828125,3014.89990234375
348,2019-05-08,3008.39990234375,2993.699951171875
349,2019-05-09,3007.0,2990.0
350,2019-05-10,3000.0,3015.64990234375
351,2019-05-13,2960.0,2969.85009765625
352,2019-05-14,2960.0,2957.89990234375
353,2019-05-15,2982.300048828125,2942.89990234375
354,2019-05-16,2950.0,2933.25
355,2019-05-17,2887.800048828125,2717.25
356,2019-05-20,2820.449951171875,2725.699951171875
357,2019-05-21,2797.0,2691.300048828125
358,2019-05-22,2879.0,2705.35009765625
359,2019-05-23,2697.300048828125,2692.449951171875
360,2019-05-24,2784.0,2694.300048828125
361,2019-05-27,2700.0,2762.89990234375
362,2019-05-28,2762.0,2754.25
363,2019-05-29,2746.89990234375,2706.85009765625
364,2019-05-30,2719.949951171875,2692.949951171875
365,2019-05-31,2700.0,2687.60009765625
366,2019-06-03,2793.0,2688.25
367,2019-06-04,2682.0,2678.050048828125
368,2019-06-05,,
369,2019-06-06,2694.14990234375,2698.10009765625
370,2019-06-07,2700.0,2668.699951171875
371,2019-06-10,2675.75,2699.199951171875
372,2019-06-11,2698.949951171875,2695.75
373,2019-06-12,2704.39990234375,2696.550048828125
374,2019-06-13,2704.14990234375,2710.10009765625
375,2019-06-14,2709.60009765625,2706.64990234375
376,2019-06-17,2700.5,2746.64990234375
377,2019-06-18,2750.0,2727.25
378,2019-06-19,2715.050048828125,2688.14990234375
379,2019-06-20,2668.449951171875,2690.25
380,2019-06-21,2722.0,2728.800048828125
381,2019-06-24,2700.0,2709.10009765625
382,2019-06-25,2670.0,2682.199951171875
383,2019-06-26,2780.60009765625,2655.550048828125
384,2019-06-27,2640.449951171875,2656.85009765625
385,2019-06-28,2673.050048828125,2685.449951171875
386,2019-07-01,2697.0,2667.199951171875
387,2019-07-02,2659.949951171875,2638.64990234375
388,2019-07-03,2650.0,2647.0
389,2019-07-04,2646.5,2663.39990234375
390,2019-07-05,2670.0,2654.14990234375
391,2019-07-08,2650.050048828125,2641.449951171875
392,2019-07-09,2645.0,2609.0
393,2019-07-10,2611.449951171875,2603.199951171875
394,2019-07-11,2601.050048828125,2586.550048828125
395,2019-07-12,2621.14990234375,2572.35009765625
396,2019-07-15,2561.550048828125,2480.39990234375
397,2019-07-16,2497.89990234375,2390.89990234375
398,2019-07-17,2411.300048828125,2406.35009765625
399,2019-07-18,2440.0,2401.0
400,2019-07-19,2431.0,2394.14990234375
401,2019-07-22,2390.0,2390.39990234375
402,2019-07-23,2400.0,2402.550048828125
403,2019-07-24,2394.35009765625,2399.14990234375
404,2019-07-25,2403.14990234375,2427.0
405,2019-07-26,2403.0,2401.39990234375
406,2019-07-29,2417.0,2399.550048828125
407,2019-07-30,2394.64990234375,2395.300048828125
408,2019-07-31,2400.0,2409.39990234375
409,2019-08-01,2349.949951171875,2335.550048828125
410,2019-08-02,2334.550048828125,2308.35009765625
411,2019-08-05,2265.0,2322.64990234375
412,2019-08-06,2316.0,2300.85009765625
413,2019-08-07,2320.0,2312.050048828125
414,2019-08-08,2312.10009765625,2334.10009765625
415,2019-08-09,2305.0,2307.35009765625
416,2019-08-12,,
417,2019-08-13,2299.699951171875,2278.5
418,2019-08-14,2277.0,2298.75
419,2019-08-15,,
420,2019-08-16,2295.0,2313.10009765625
421,2019-08-19,2340.0,2299.050048828125
422,2019-08-20,2333.0,2273.35009765625
423,2019-08-21,2319.10009765625,2224.39990234375
424,2019-08-22,2201.0,2230.25
425,2019-08-23,2194.60009765625,2226.39990234375
426,2019-08-26,2237.300048828125,2253.300048828125
427,2019-08-27,2255.0,2226.050048828125
428,2019-08-28,2212.14990234375,2237.0
429,2019-08-29,2211.0,2208.60009765625
430,2019-08-30,2199.39990234375,2248.449951171875
431,2019-09-02,,
432,2019-09-03,2229.14990234375,2232.699951171875
433,2019-09-04,2230.0,2176.75
434,2019-09-05,2178.050048828125,2170.14990234375
435,2019-09-06,2191.89990234375,2222.25
436,2019-09-09,2244.0,2349.800048828125
437,2019-09-10,,
438,2019-09-11,2347.14990234375,2391.800048828125
439,2019-09-12,2381.550048828125,2381.85009765625
440,2019-09-13,2495.0,2350.85009765625
441,2019-09-16,2397.5,2350.5
442,2019-09-17,2351.0,2243.550048828125
443,2019-09-18,2243.0,2214.300048828125
444,2019-09-19,2219.199951171875,2229.75
445,2019-09-20,2190.0,2299.60009765625
446,2019-09-23,2258.39990234375,2315.800048828125
447,2019-09-24,2330.0,2380.14990234375
448,2019-09-25,2360.14990234375,2329.75
449,2019-09-26,2344.14990234375,2326.550048828125
450,2019-09-27,2310.39990234375,2351.10009765625
451,2019-09-30,2377.10009765625,2479.449951171875
452,2019-10-01,2500.0,2451.60009765625
453,2019-10-02,,
454,2019-10-03,2414.0,2375.800048828125
455,2019-10-04,2406.949951171875,2320.800048828125
456,2019-10-07,2322.0,2231.5
457,2019-10-08,,
458,2019-10-09,2233.39990234375,2275.949951171875
459,2019-10-10,2277.300048828125,2267.35009765625
460,2019-10-11,2260.25,2284.699951171875
461,2019-10-14,2283.0,2292.60009765625
462,2019-10-15,2271.10009765625,2276.0
463,2019-10-16,2275.0,2269.39990234375
464,2019-10-17,2230.0,2307.0
465,2019-10-18,2370.5,2273.050048828125
466,2019-10-21,,
467,2019-10-22,2303.64990234375,2302.10009765625
468,2019-10-23,2335.0,2335.0
469,2019-10-24,2361.199951171875,2299.35009765625
470,2019-10-25,2306.550048828125,2369.949951171875
471,2019-10-27,2470.0,2366.050048828125
472,2019-10-28,,
473,2019-10-29,2372.60009765625,2385.5
474,2019-10-30,2421.0,2417.300048828125
475,2019-10-31,2409.89990234375,2402.050048828125
476,2019-11-01,2450.0,2392.75
477,2019-11-04,2389.050048828125,2323.10009765625
478,2019-11-05,2306.64990234375,2332.050048828125
479,2019-11-06,2300.0,2291.300048828125
480,2019-11-07,2295.0,2291.199951171875
481,2019-11-08,2291.39990234375,2267.0
482,2019-11-11,2265.0,2233.10009765625
483,2019-11-12,,
484,2019-11-13,2225.050048828125,2180.60009765625
485,2019-11-14,2248.85009765625,2176.800048828125
486,2019-11-15,2183.050048828125,2149.050048828125
487,2019-11-18,2160.0,2160.60009765625
488,2019-11-19,2150.0,2143.39990234375
489,2019-11-20,2143.39990234375,2123.699951171875
490,2019-11-21,2220.0,2125.949951171875
491,2019-11-22,2125.949951171875,2112.199951171875
492,2019-11-25,2110.14990234375,2052.25
493,2019-11-26,2062.64990234375,2057.050048828125
494,2019-11-27,2050.0,2075.25
495,2019-11-28,2063.0,2063.449951171875
496,2019-11-29,2059.449951171875,2053.300048828125
497,2019-12-02,2050.60009765625,2054.10009765625
498,2019-12-03,2056.050048828125,2071.050048828125
499,2019-12-04,2081.14990234375,2310.449951171875
500,2019-12-05,2315.0,2282.39990234375
501,2019-12-06,2263.050048828125,2223.60009765625
502,2019-12-09,2245.0,2212.85009765625
503,2019-12-10,2210.0,2157.10009765625
504,2019-12-11,2185.10009765625,2177.449951171875
505,2019-12-12,2220.199951171875,2200.25
506,2019-12-13,2215.0,2184.85009765625
507,2019-12-16,2156.0,2167.300048828125
508,2019-12-17,2167.300048828125,2209.699951171875
509,2019-12-18,2217.64990234375,2239.60009765625
510,2019-12-19,2219.25,2241.050048828125
511,2019-12-20,2240.050048828125,2235.5
512,2019-12-23,2244.89990234375,2244.25
513,2019-12-24,2244.25,2229.199951171875
514,2019-12-26,2202.10009765625,2188.85009765625
515,2019-12-27,2180.89990234375,2237.5
516,2019-12-30,2202.75,2187.60009765625
517,2019-12-31,2190.050048828125,2194.300048828125
518,2020-01-01,2174.89990234375,2168.0
519,2020-01-02,2199.949951171875,2205.0
520,2020-01-03,2200.0,2214.300048828125
521,2020-01-06,2214.300048828125,2216.300048828125
522,2020-01-07,2241.050048828125,2204.800048828125
523,2020-01-08,2207.0,2213.300048828125
524,2020-01-09,2245.5,2244.0
525,2020-01-10,2258.0,2245.300048828125
526,2020-01-13,2278.0,2428.25
527,2020-01-14,2431.0,2612.0
528,2020-01-15,2610.0,2616.25
529,2020-01-16,2580.0,2653.050048828125
530,2020-01-17,2655.0,2665.800048828125
531,2020-01-20,2659.0,2589.60009765625
532,2020-01-21,2589.60009765625,2639.949951171875
533,2020-01-22,2639.949951171875,2675.0
534,2020-01-23,2680.0,2777.800048828125
535,2020-01-24,2840.0,2752.300048828125
536,2020-01-27,2728.25,2729.300048828125
537,2020-01-28,2743.0,2632.949951171875
538,2020-01-29,2660.0,2739.949951171875
539,2020-01-30,2730.0,2693.60009765625
540,2020-01-31,2723.60009765625,2714.199951171875
541,2020-02-03,2700.0,2681.25
542,2020-02-04,2688.89990234375,2686.75
543,2020-02-05,2672.0,2841.60009765625
544,2020-02-06,2818.60009765625,2794.800048828125
545,2020-02-07,2784.0,2814.75
546,2020-02-10,2799.89990234375,2772.89990234375
547,2020-02-11,2762.75,2770.35009765625
548,2020-02-12,2800.0,2780.800048828125
549,2020-02-13,2782.5,2955.89990234375
550,2020-02-14,2922.89990234375,2876.60009765625
551,2020-02-17,2908.75,2923.5
552,2020-02-18,2900.0,2899.199951171875
553,2020-02-19,2925.0,3022.949951171875
554,2020-02-20,2997.85009765625,2998.89990234375
555,2020-02-21,,
556,2020-02-24,2984.0,2911.14990234375
557,2020-02-25,2898.0,2851.550048828125
558,2020-02-26,2811.0,2853.10009765625
559,2020-02-27,2831.699951171875,2824.75
560,2020-02-28,2737.949951171875,2752.949951171875
561,2020-03-02,2755.85009765625,2780.14990234375
562,2020-03-03,2790.60009765625,2962.35009765625
563,2020-03-04,2984.949951171875,2815.35009765625
564,2020-03-05,2818.050048828125,2879.10009765625
565,2020-03-06,2800.800048828125,2678.14990234375
566,2020-03-09,2678.14990234375,2678.14990234375
567,2020-03-10,,
568,2020-03-11,2624.5,2553.949951171875
569,2020-03-12,2500.0,2416.550048828125
570,2020-03-13,2225.0,2325.10009765625
571,2020-03-16,2202.10009765625,2209.050048828125
572,2020-03-17,2180.0,2188.10009765625
573,2020-03-18,2188.0,2253.14990234375
574,2020-03-19,2300.0,2156.85009765625
575,2020-03-20,2101.050048828125,2315.25
576,2020-03-23,2110.0,2084.35009765625
577,2020-03-24,2120.35009765625,1956.4000244140625
578,2020-03-25,2294.949951171875,2003.25
579,2020-03-26,2000.0,2060.550048828125
580,2020-03-27,2090.0,1992.5999755859373
581,2020-03-30,2000.0,2103.85009765625
582,2020-03-31,2199.75,2173.14990234375
583,2020-04-01,2159.89990234375,2079.949951171875
584,2020-04-02,,
585,2020-04-03,2054.699951171875,1998.5999755859373
586,2020-04-06,,
587,2020-04-07,2041.0999755859373,2001.699951171875
588,2020-04-08,2001.550048828125,2003.5
589,2020-04-09,2000.0,2003.449951171875
590,2020-04-13,2006.5,2075.35009765625
591,2020-04-14,,
592,2020-04-15,2120.0,2094.199951171875
593,2020-04-16,2094.199951171875,2093.800048828125
594,2020-04-17,2180.0,2212.60009765625
595,2020-04-20,2224.25,2289.0
596,2020-04-21,2279.39990234375,2161.550048828125
597,2020-04-22,2146.5,2081.800048828125
598,2020-04-23,2103.39990234375,2081.800048828125
599,2020-04-24,2072.85009765625,2091.89990234375
600,2020-04-27,2147.60009765625,2083.800048828125
601,2020-04-28,2084.0,2129.5
602,2020-04-29,2200.0,2199.64990234375
603,2020-04-30,2259.949951171875,2234.199951171875
604,2020-05-04,2200.0,2250.949951171875
605,2020-05-05,2275.0,2171.64990234375
606,2020-05-06,2179.10009765625,2156.10009765625
607,2020-05-07,2163.949951171875,2154.35009765625
608,2020-05-08,2179.949951171875,2164.14990234375
609,2020-05-11,2175.949951171875,2132.199951171875
610,2020-05-12,2132.199951171875,2102.300048828125
611,2020-05-13,2161.89990234375,2143.64990234375
612,2020-05-14,2143.050048828125,2091.25
613,2020-05-15,2150.0,2082.75
614,2020-05-18,2071.10009765625,2017.8499755859373
615,2020-05-19,2018.1500244140625,2010.449951171875
616,2020-05-20,2014.800048828125,2035.5999755859373
617,2020-05-21,2081.949951171875,2031.25
618,2020-05-22,2047.949951171875,2006.699951171875
619,2020-05-25,,
620,2020-05-26,2051.300048828125,2028.550048828125
621,2020-05-27,1990.050048828125,1960.6500244140625
622,2020-05-28,1957.800048828125,2009.550048828125
623,2020-05-29,2049.0,2006.199951171875
624,2020-06-01,2032.4000244140625,2050.10009765625
625,2020-06-02,2060.0,2079.64990234375
626,2020-06-03,2195.0,2062.800048828125
627,2020-06-04,2150.0,2070.60009765625
628,2020-06-05,2086.949951171875,2119.050048828125
629,2020-06-08,2150.0,2095.449951171875
630,2020-06-09,2099.800048828125,2063.949951171875
631,2020-06-10,2078.050048828125,2070.449951171875
632,2020-06-11,2072.949951171875,2080.050048828125
633,2020-06-12,2050.0,2057.550048828125
634,2020-06-15,2058.050048828125,2028.699951171875
635,2020-06-16,2061.550048828125,2017.949951171875
636,2020-06-17,2018.0,2020.9000244140625
637,2020-06-18,2040.550048828125,2029.0999755859373
638,2020-06-19,2013.949951171875,2018.0
639,2020-06-22,2020.0,2014.9000244140625
640,2020-06-23,2014.9000244140625,2043.550048828125
641,2020-06-24,2066.050048828125,2020.050048828125
642,2020-06-25,2015.0,1998.0999755859373
643,2020-06-26,2007.5,2007.300048828125
644,2020-06-29,2050.0,2009.800048828125
645,2020-06-30,1975.050048828125,2040.0
646,2020-07-01,2079.949951171875,2012.25
647,2020-07-02,2013.0,2011.9000244140625
648,2020-07-03,2000.0,2009.5999755859373
649,2020-07-06,2018.5,2007.0
650,2020-07-07,2007.0,2042.300048828125
651,2020-07-08,2052.75,2012.75
652,2020-07-09,2023.9000244140625,2029.3499755859373
653,2020-07-10,2013.050048828125,2015.1500244140625
654,2020-07-13,2018.050048828125,2007.550048828125
655,2020-07-14,2003.0,1987.4000244140625
656,2020-07-15,1970.0,1976.8499755859373
657,2020-07-16,1970.0,1959.1500244140625
658,2020-07-17,1971.949951171875,1963.5
659,2020-07-20,1956.0,2029.1500244140625
660,2020-07-21,2074.050048828125,2113.85009765625
661,2020-07-22,2230.0,2221.60009765625
662,2020-07-23,2223.0,2169.800048828125
663,2020-07-24,2150.0,2222.64990234375
664,2020-07-27,2288.0,2165.75
665,2020-07-28,2180.10009765625,2156.300048828125
666,2020-07-29,2150.39990234375,2123.449951171875
667,2020-07-30,2142.699951171875,2116.25
668,2020-07-31,2123.0,2061.85009765625
669,2020-08-03,2055.050048828125,1978.0999755859373
670,2020-08-04,1974.0,1985.300048828125
671,2020-08-05,2000.0,1973.4000244140625
672,2020-08-06,1953.0,2011.050048828125
673,2020-08-07,2040.5,1996.3499755859373
674,2020-08-10,2021.800048828125,1990.949951171875
675,2020-08-11,1988.300048828125,1987.4000244140625
676,2020-08-12,1990.8499755859373,1972.8499755859373
677,2020-08-13,1968.050048828125,1942.75
678,2020-08-14,1944.0,1910.800048828125
679,2020-08-17,1926.9000244140625,1887.300048828125
680,2020-08-18,1873.0,1889.5
681,2020-08-19,1905.800048828125,1895.0999755859373
682,2020-08-20,1891.550048828125,1914.550048828125
683,2020-08-21,1915.0,2008.0999755859373
684,2020-08-24,2010.0,2066.5
685,2020-08-25,2116.0,2032.050048828125
686,2020-08-26,2029.5999755859373,2211.449951171875
687,2020-08-27,2213.0,2203.10009765625
688,2020-08-28,2187.949951171875,2250.25
689,2020-08-31,2309.949951171875,2197.35009765625
690,2020-09-01,2105.050048828125,2201.89990234375
691,2020-09-02,2210.0,2203.64990234375
692,2020-09-03,2220.0,2215.5
693,2020-09-04,2123.0,2299.75
694,2020-09-07,2296.5,2641.199951171875
695,2020-09-08,2659.0,2563.050048828125
696,2020-09-09,2470.0,2601.64990234375
697,2020-09-10,2630.0,2837.449951171875
698,2020-09-11,2837.89990234375,2912.449951171875
699,2020-09-14,2912.0,2997.550048828125
700,2020-09-15,3000.0,2780.5
701,2020-09-16,2940.0,2765.300048828125
702,2020-09-17,2820.0,2807.89990234375
703,2020-09-18,2775.050048828125,2764.10009765625
704,2020-09-21,2770.0,2607.60009765625
705,2020-09-22,2629.0,2678.949951171875
706,2020-09-23,2737.85009765625,2789.199951171875
707,2020-09-24,2715.050048828125,2748.14990234375
708,2020-09-25,2710.0,2877.35009765625
709,2020-09-28,2898.89990234375,2964.550048828125
710,2020-09-29,2965.0,3169.550048828125
711,2020-09-30,3172.0,3168.85009765625
712,2020-10-01,3168.5,3231.10009765625
713,2020-10-02,,
714,2020-10-05,3261.449951171875,3264.449951171875
715,2020-10-06,3270.0,3258.699951171875
716,2020-10-07,3326.0,3192.25
717,2020-10-08,3205.0,3119.89990234375
718,2020-10-09,3125.0,3135.5
719,2020-10-12,3133.0,3149.75
720,2020-10-13,3136.449951171875,3030.949951171875
721,2020-10-14,3022.050048828125,2978.35009765625
722,2020-10-15,2970.0,3042.14990234375
723,2020-10-16,3015.0,3068.699951171875
724,2020-10-19,3070.050048828125,3098.60009765625
725,2020-10-20,3093.89990234375,3098.949951171875
726,2020-10-21,3098.949951171875,3101.550048828125
727,2020-10-22,3020.0,3108.75
728,2020-10-23,3117.449951171875,3247.300048828125
729,2020-10-26,3270.39990234375,3232.300048828125
730,2020-10-27,3253.449951171875,3289.0
731,2020-10-28,3300.10009765625,3188.10009765625
732,2020-10-29,3223.89990234375,3244.949951171875
733,2020-10-30,3356.0,3700.550048828125
734,2020-11-02,3430.0,3859.85009765625
735,2020-11-03,3840.0,3886.89990234375
736,2020-11-04,3869.0,3756.0
737,2020-11-05,3745.0,3755.0
738,2020-11-06,3755.0,3720.449951171875
739,2020-11-09,3780.0,3750.35009765625
740,2020-11-10,3775.0,3909.85009765625
741,2020-11-11,3918.949951171875,3919.89990234375
742,2020-11-12,3851.0,4049.199951171875
743,2020-11-13,4049.0,4097.89990234375
744,2020-11-14,4072.0,4155.25
745,2020-11-16,,
746,2020-11-17,4205.25,4226.89990234375
747,2020-11-18,4085.0,4150.0
748,2020-11-19,4100.0,4079.64990234375
749,2020-11-20,4042.949951171875,4021.39990234375
750,2020-11-23,4010.0,3979.64990234375
751,2020-11-24,3990.0,3938.300048828125
752,2020-11-25,4045.0,3971.550048828125
753,2020-11-26,3934.550048828125,3897.25
754,2020-11-27,3917.699951171875,3993.25
755,2020-11-30,,
756,2020-12-01,3862.0,3932.75
757,2020-12-02,3931.0,3902.14990234375
758,2020-12-03,3860.0,3944.449951171875
759,2020-12-04,3950.0,3920.85009765625
760,2020-12-07,3885.0,3952.0
761,2020-12-08,3954.949951171875,3931.949951171875
762,2020-12-09,3931.949951171875,3896.550048828125
763,2020-12-10,3945.0,3864.050048828125
764,2020-12-11,3925.0,3847.300048828125
765,2020-12-14,3852.0,3793.550048828125
766,2020-12-15,3798.949951171875,3901.14990234375
767,2020-12-16,3912.0,3891.35009765625
768,2020-12-17,3900.0,3889.35009765625
769,2020-12-18,3850.050048828125,3868.0
770,2020-12-21,3868.050048828125,3794.60009765625
771,2020-12-22,3751.0,3790.35009765625
772,2020-12-23,3849.39990234375,3853.449951171875
773,2020-12-24,3934.0,3934.800048828125
774,2020-12-28,3941.0,4070.35009765625
775,2020-12-29,4072.14990234375,4081.050048828125
776,2020-12-30,4048.14990234375,4105.5498046875
777,2020-12-31,4145.0,4092.10009765625
778,2021-01-01,4168.0,4067.25
779,2021-01-04,4149.9501953125,4056.14990234375
780,2021-01-05,4049.0,4036.85009765625
781,2021-01-06,4049.0,4002.5
782,2021-01-07,4002.300048828125,4002.0
783,2021-01-08,4002.0,4000.699951171875
784,2021-01-11,3976.050048828125,4005.300048828125
785,2021-01-12,4000.050048828125,4005.449951171875
786,2021-01-13,4006.0,3999.39990234375
787,2021-01-14,3972.949951171875,3970.39990234375
788,2021-01-15,3965.0,3899.60009765625
789,2021-01-18,3883.0,3888.800048828125
790,2021-01-19,3942.0,3877.35009765625
791,2021-01-20,3902.89990234375,3970.64990234375
792,2021-01-21,3982.0,4212.0498046875
793,2021-01-22,4254.0,4218.85009765625
794,2021-01-25,4260.0,4316.4501953125
795,2021-01-26,,
796,2021-01-27,4351.89990234375,4311.89990234375
797,2021-01-28,4379.9501953125,4165.2998046875
798,2021-01-29,4379.35009765625,3970.89990234375
799,2021-02-01,3950.0,3964.85009765625
800,2021-02-02,3965.0,3939.39990234375
801,2021-02-03,3930.0,4213.2998046875
802,2021-02-04,4220.0,4366.35009765625
803,2021-02-05,4399.0,4337.5
804,2021-02-08,4356.35009765625,4389.64990234375
805,2021-02-09,4389.64990234375,4544.7998046875
806,2021-02-10,4471.60009765625,4716.75
807,2021-02-11,4720.0,4688.7998046875
808,2021-02-12,4626.0498046875,4602.35009765625
809,2021-02-15,4636.39990234375,4649.7001953125
810,2021-02-16,4725.0,4885.0
811,2021-02-17,4875.0,4746.39990234375
812,2021-02-18,4835.9501953125,4637.89990234375
813,2021-02-19,4645.0,4696.75
814,2021-02-22,4709.7001953125,4601.5498046875
815,2021-02-23,4610.0,4581.5498046875
816,2021-02-24,4525.0498046875,4700.0
817,2021-02-25,4702.35009765625,4719.25
818,2021-02-26,4667.0,4705.35009765625
819,2021-03-01,4700.0,4616.5
820,2021-03-02,4640.10009765625,4653.39990234375
821,2021-03-03,4681.5,4651.25
822,2021-03-04,4670.60009765625,4636.64990234375
823,2021-03-05,4665.0498046875,4804.2998046875
824,2021-03-08,4850.0,5077.25
825,2021-03-09,5106.0,5228.0498046875
826,2021-03-10,5225.0,5357.10009765625
827,2021-03-11,,
828,2021-03-12,5439.9501953125,5555.7001953125
829,2021-03-15,5565.0,5511.7998046875
830,2021-03-16,5460.0,5463.10009765625
831,2021-03-17,5466.5,5160.0
832,2021-03-18,5298.0,5236.75
833,2021-03-19,5300.0,5281.64990234375
834,2021-03-22,5160.0,5241.4501953125
835,2021-03-23,5240.0,5174.4501953125
836,2021-03-24,5082.7001953125,4957.35009765625
837,2021-03-25,5008.5498046875,4872.39990234375
838,2021-03-26,5000.0,5301.4501953125
839,2021-03-29,,
840,2021-03-30,5311.0,5590.9501953125
841,2021-03-31,5465.0,5575.10009765625
842,2021-04-01,5630.5,5583.75
843,2021-04-05,5583.0,5372.64990234375
844,2021-04-06,5400.10009765625,5336.85009765625
845,2021-04-07,5419.9501953125,5341.14990234375
846,2021-04-08,5433.0,5272.2998046875
847,2021-04-09,5273.0,5308.14990234375
848,2021-04-12,5250.0,5238.5498046875
849,2021-04-13,5200.0,5240.14990234375
850,2021-04-14,,
851,2021-04-15,5200.0,5231.14990234375
852,2021-04-16,5245.0,5192.10009765625
853,2021-04-19,5168.0,5200.0
854,2021-04-20,5226.0,5049.5498046875
855,2021-04-21,,
856,2021-04-22,5039.0,5142.0498046875
857,2021-04-23,5128.75,5185.60009765625
858,2021-04-26,5315.0,5123.89990234375
859,2021-04-27,5123.7001953125,5117.25
860,2021-04-28,5139.25,5185.0498046875
861,2021-04-29,5191.0498046875,5328.35009765625
862,2021-04-30,5185.0,5240.7001953125
863,2021-05-03,5250.0,5355.35009765625
864,2021-05-04,5400.0,5214.89990234375
865,2021-05-05,5348.9501953125,5319.7998046875
866,2021-05-06,5450.0,5397.0
867,2021-05-07,5474.89990234375,5299.5498046875
868,2021-05-10,5465.0,5331.9501953125
869,2021-05-11,5414.0,5422.7998046875
870,2021-05-12,5405.0,5349.10009765625
871,2021-05-13,,
872,2021-05-14,5399.9501953125,5241.0
873,2021-05-17,5343.0,5490.5498046875
874,2021-05-18,5600.0,5771.9501953125
875,2021-05-19,5755.0,5860.7998046875
876,2021-05-20,5801.0,5806.9501953125
877,2021-05-21,5890.75,5961.0498046875
878,2021-05-24,5985.0,6063.39990234375
879,2021-05-25,6078.0,6062.75
880,2021-05-26,6110.0,6107.75
881,2021-05-27,6184.0,6002.0
882,2021-05-28,6078.89990234375,6102.4501953125
883,2021-05-31,6139.5,6013.4501953125
884,2021-06-01,6025.0,5988.39990234375
885,2021-06-02,6050.2998046875,6068.9501953125
886,2021-06-03,6116.64990234375,6060.35009765625
887,2021-06-04,6046.0,6031.35009765625
888,2021-06-07,6064.5,6005.2998046875
889,2021-06-08,6000.0,5981.2001953125
890,2021-06-09,5985.0,6027.5498046875
891,2021-06-10,6061.4501953125,6021.35009765625
892,2021-06-11,6064.2998046875,5956.25
893,2021-06-14,5976.14990234375,5846.7998046875
894,2021-06-15,5835.0,5798.0498046875
895,2021-06-16,5810.0,5838.7001953125
896,2021-06-17,5870.0,5774.0
897,2021-06-18,5830.5498046875,5586.25
898,2021-06-21,5635.2998046875,5726.14990234375
899,2021-06-22,5793.60009765625,5835.9501953125
900,2021-06-23,5874.0,5807.35009765625
901,2021-06-24,5805.0,5850.9501953125
902,2021-06-25,5870.0,5859.35009765625
903,2021-06-28,5864.5498046875,5731.7998046875
904,2021-06-29,5701.0498046875,5786.39990234375
905,2021-06-30,5840.35009765625,5789.2998046875
906,2021-07-01,5813.0498046875,5799.9501953125
907,2021-07-02,5845.0,5932.2998046875
908,2021-07-05,5909.9501953125,5900.35009765625
909,2021-07-06,5922.35009765625,5803.7001953125
910,2021-07-07,5812.75,5877.35009765625
911,2021-07-08,5875.10009765625,5802.25
912,2021-07-09,5815.4501953125,5889.10009765625
913,2021-07-12,5900.0,5801.5
914,2021-07-13,5871.2998046875,5848.39990234375
915,2021-07-14,5900.0,5904.7001953125
916,2021-07-15,5924.0498046875,5811.75
917,2021-07-16,5855.0,5797.7001953125
918,2021-07-19,5818.2998046875,5801.35009765625
919,2021-07-20,5795.0498046875,5614.64990234375
920,2021-07-21,,
921,2021-07-22,5699.89990234375,5707.89990234375
922,2021-07-23,5734.39990234375,5696.0498046875
923,2021-07-26,5678.0,5680.14990234375
924,2021-07-27,5727.10009765625,5613.35009765625
925,2021-07-28,5671.75,5553.64990234375
926,2021-07-29,5530.0,5492.5498046875
927,2021-07-30,5485.85009765625,5475.0
928,2021-08-02,5428.0,5452.39990234375
929,2021-08-03,5417.0,5521.39990234375
930,2021-08-04,5600.0,5599.2001953125
931,2021-08-05,5600.0,5547.75
932,2021-08-06,5549.39990234375,5535.39990234375
933,2021-08-09,5678.5,5478.25
934,2021-08-10,5475.0,5404.25
935,2021-08-11,5495.0,5437.0
936,2021-08-12,5550.0,5568.60009765625
937,2021-08-13,5620.2998046875,5697.4501953125
938,2021-08-16,5706.35009765625,5741.39990234375
939,2021-08-17,5700.0,5790.2001953125
940,2021-08-18,5780.5498046875,5773.10009765625
941,2021-08-19,,
942,2021-08-20,5700.0,5736.89990234375
943,2021-08-23,5680.0,5646.25
944,2021-08-24,5609.2001953125,5687.7998046875
945,2021-08-25,5717.64990234375,5805.9501953125
946,2021-08-26,5784.14990234375,5694.7001953125
947,2021-08-27,5674.60009765625,5688.25
948,2021-08-30,5671.39990234375,5792.25
949,2021-08-31,5820.14990234375,5859.60009765625
950,2021-09-01,5887.9501953125,5865.0
951,2021-09-02,5891.5,5897.39990234375
952,2021-09-03,5889.0498046875,6295.39990234375
953,2021-09-06,6339.9501953125,6183.2001953125
954,2021-09-07,6234.0498046875,6437.5498046875
955,2021-09-08,6473.0,6368.39990234375
956,2021-09-09,6500.0,6423.60009765625
957,2021-09-10,,
958,2021-09-13,6498.0,6376.7998046875
959,2021-09-14,6413.2998046875,6379.0498046875
960,2021-09-15,6393.0,6415.0
961,2021-09-16,6370.0,6476.25
962,2021-09-17,6487.85009765625,6484.2998046875
963,2021-09-20,6490.0,6328.85009765625
964,2021-09-21,6290.0,6194.0
965,2021-09-22,6194.0498046875,6422.14990234375
966,2021-09-23,6444.0,6437.85009765625
967,2021-09-24,6471.7998046875,6459.7998046875
968,2021-09-27,6350.0,6429.39990234375
969,2021-09-28,6448.14990234375,6425.4501953125
970,2021-09-29,6420.0,6430.0498046875
971,2021-09-30,6600.0,6505.64990234375
972,2021-10-01,6450.0,6416.5498046875
973,2021-10-04,6405.60009765625,6329.75
974,2021-10-05,6300.0,6431.64990234375
975,2021-10-06,6397.0,6402.64990234375
976,2021-10-07,6356.60009765625,6559.7998046875
977,2021-10-08,6599.89990234375,6436.4501953125
978,2021-10-11,6373.0,6451.35009765625
979,2021-10-12,6460.0498046875,6575.35009765625
980,2021-10-13,6589.0,6521.7998046875
981,2021-10-14,6488.0,6514.7001953125
982,2021-10-15,,
983,2021-10-18,6531.39990234375,6497.5498046875
984,2021-10-19,6508.0,6474.39990234375
985,2021-10-20,6468.7998046875,6266.25
986,2021-10-21,6275.0,6289.14990234375
987,2021-10-22,6256.64990234375,6259.5498046875
988,2021-10-25,6207.7998046875,6133.85009765625
989,2021-10-26,6499.14990234375,6243.7001953125
990,2021-10-27,6400.0,6634.64990234375
991,2021-10-28,6610.0,6602.2998046875
992,2021-10-29,6574.0,6634.7998046875
993,2021-11-01,6680.0,6997.85009765625
994,2021-11-02,7000.0,6733.64990234375
995,2021-11-03,6723.60009765625,6804.64990234375
996,2021-11-04,6897.9501953125,6832.39990234375
997,2021-11-05,,
998,2021-11-08,6897.0,7065.2001953125
999,2021-11-09,7049.39990234375,7048.10009765625
1000,2021-11-10,7061.0498046875,7011.14990234375
1001,2021-11-11,6925.0498046875,7006.7001953125
1002,2021-11-12,7013.0498046875,6943.9501953125
1003,2021-11-15,6989.9501953125,7108.75
1004,2021-11-16,7094.64990234375,7002.89990234375
1005,2021-11-17,7044.35009765625,7038.60009765625
1006,2021-11-18,7035.35009765625,6866.14990234375
1007,2021-11-19,,
1008,2021-11-22,6763.39990234375,6592.4501953125
1009,2021-11-23,6543.75,6754.2998046875
1010,2021-11-24,6814.0,6648.4501953125
1011,2021-11-25,6675.39990234375,6800.14990234375
1012,2021-11-26,6838.10009765625,6795.75
1013,2021-11-29,6600.0498046875,6848.10009765625
1014,2021-11-30,6868.7001953125,6579.60009765625
1015,2021-12-01,6613.25,6474.25
1016,2021-12-02,6545.10009765625,6708.64990234375
1017,2021-12-03,6799.0,6576.0
1018,2021-12-06,6547.39990234375,6467.5498046875
1019,2021-12-07,6548.35009765625,6449.60009765625
1020,2021-12-08,6481.25,6519.5
1021,2021-12-09,6524.0,6549.4501953125
1022,2021-12-10,6700.0,6469.10009765625
1023,2021-12-13,6474.0,6505.5498046875
1024,2021-12-14,6509.10009765625,6421.2001953125
1025,2021-12-15,6449.89990234375,6319.64990234375
1026,2021-12-16,6320.0,6302.64990234375
1027,2021-12-17,6298.5498046875,6304.35009765625
1028,2021-12-20,6459.14990234375,6169.75
1029,2021-12-21,6112.0,6200.60009765625
1030,2021-12-22,6216.7001953125,6214.4501953125
1031,2021-12-23,6325.0,6214.2001953125
1032,2021-12-24,6255.0,6182.14990234375
1033,2021-12-27,6120.4501953125,6175.5498046875
1034,2021-12-28,6204.7998046875,6206.10009765625
1035,2021-12-29,6294.89990234375,6193.14990234375
1036,2021-12-30,6278.10009765625,6299.25
1037,2021-12-31,6358.89990234375,6336.85009765625
1038,2022-01-03,6380.0,6453.2998046875
1039,2022-01-04,6505.7001953125,6566.85009765625
1040,2022-01-05,6608.75,6808.4501953125
1041,2022-01-06,6765.7001953125,6800.75
1042,2022-01-07,6800.75,6728.85009765625
1043,2022-01-10,6799.89990234375,6772.14990234375
1044,2022-01-11,6743.7001953125,7009.9501953125
1045,2022-01-12,7177.89990234375,7415.89990234375
1046,2022-01-13,7470.0,7251.9501953125
1047,2022-01-14,7250.0,7227.35009765625
1048,2022-01-17,7170.0,7129.64990234375
1049,2022-01-18,7161.64990234375,7093.60009765625
1050,2022-01-19,7049.85009765625,7043.4501953125
1051,2022-01-20,7014.10009765625,7002.2998046875
1052,2022-01-21,6960.5,6984.7001953125
1053,2022-01-24,6902.0,6752.9501953125
1054,2022-01-25,6689.9501953125,6697.0
1055,2022-01-26,,
1056,2022-01-27,6697.0,6694.9501953125
1057,2022-01-28,6754.14990234375,6730.25
1058,2022-01-31,6800.0,6926.35009765625
1059,2022-02-01,7050.0,6795.5
1060,2022-02-02,6833.9501953125,6805.2001953125
1061,2022-02-03,6844.89990234375,6773.75
1062,2022-02-04,6823.7001953125,6663.75
1063,2022-02-07,6690.64990234375,6483.7998046875
1064,2022-02-08,6440.0,6507.2998046875
1065,2022-02-09,6543.60009765625,6702.64990234375
1066,2022-02-10,6715.10009765625,6616.5
1067,2022-02-11,6451.0,6565.39990234375
1068,2022-02-14,6310.10009765625,6303.35009765625
1069,2022-02-15,6300.4501953125,6274.0
1070,2022-02-16,6417.89990234375,6410.10009765625
1071,2022-02-17,6443.2001953125,6420.64990234375
1072,2022-02-18,6430.0,6488.0498046875
1073,2022-02-21,6375.85009765625,6280.75
1074,2022-02-22,6200.0,6132.35009765625
1075,2022-02-23,6280.0,6102.35009765625
1076,2022-02-24,5910.0,6004.35009765625
1077,2022-02-25,6051.85009765625,6119.9501953125
1078,2022-02-28,6010.39990234375,6003.85009765625
1079,2022-03-01,,
1080,2022-03-02,6000.0498046875,5888.39990234375
1081,2022-03-03,5943.10009765625,5890.9501953125
1082,2022-03-04,5846.2001953125,5687.7998046875
1083,2022-03-07,5500.0,5505.0
1084,2022-03-08,5537.2998046875,5670.5
1085,2022-03-09,5733.60009765625,5880.64990234375
1086,2022-03-10,6000.0,5946.39990234375
1087,2022-03-11,6060.0,6035.60009765625
1088,2022-03-14,6087.89990234375,6176.60009765625
1089,2022-03-15,6179.9501953125,6153.5
1090,2022-03-16,6156.7998046875,6208.7998046875
1091,2022-03-17,6234.89990234375,6199.35009765625
1092,2022-03-18,,
1093,2022-03-21,6207.85009765625,6197.5
1094,2022-03-22,6217.7001953125,6210.25
1095,2022-03-23,6236.2998046875,6202.7998046875
1096,2022-03-24,6223.89990234375,6367.7001953125
1097,2022-03-25,6394.4501953125,6416.39990234375
1098,2022-03-28,6421.0498046875,6477.5
1099,2022-03-29,6565.39990234375,6689.89990234375
1100,2022-03-30,6689.35009765625,6771.39990234375
1101,2022-03-31,6785.4501953125,6843.10009765625
1102,2022-04-01,6838.2998046875,6849.2001953125
1103,2022-04-04,6879.60009765625,6712.75
1104,2022-04-05,6766.2001953125,6555.2001953125
1105,2022-04-06,6548.5,6576.85009765625
1106,2022-04-07,6561.0,6394.89990234375
1107,2022-04-08,6381.0,6528.35009765625
1108,2022-04-11,6600.0,6571.39990234375
1109,2022-04-12,6519.0,6496.25
1110,2022-04-13,6638.0,6519.4501953125
1111,2022-04-14,,
1112,2022-04-18,6287.2001953125,6463.2001953125
1113,2022-04-19,6468.10009765625,6516.9501953125
1114,2022-04-20,6576.64990234375,6599.2998046875
1115,2022-04-21,6637.0,6678.89990234375
1116,2022-04-22,6660.7998046875,6676.60009765625
1117,2022-04-25,6577.60009765625,6656.10009765625
1118,2022-04-26,6658.85009765625,6744.35009765625
1119,2022-04-27,6710.85009765625,6632.5498046875
1120,2022-04-28,6678.25,6741.10009765625
1121,2022-04-29,6714.4501953125,6840.0
1122,2022-05-02,6700.0,7029.89990234375
1123,2022-05-03,,
1124,2022-05-04,7098.0,6899.85009765625
1125,2022-05-05,7006.39990234375,6827.89990234375
1126,2022-05-06,6999.9501953125,6835.4501953125
1127,2022-05-09,6838.0,6751.0498046875
1128,2022-05-10,6748.85009765625,6807.9501953125
1129,2022-05-11,6700.0,6870.7998046875
1130,2022-05-12,6856.7001953125,6999.4501953125
1131,2022-05-13,7011.5498046875,6994.2998046875
1132,2022-05-16,7042.25,6856.7001953125
1133,2022-05-17,6926.35009765625,7068.0
1134,2022-05-18,7149.0,7180.9501953125
1135,2022-05-19,7123.0,7093.5498046875
1136,2022-05-20,7185.0,7245.14990234375
1137,2022-05-23,7245.0,6980.4501953125
1138,2022-05-24,6999.7001953125,7148.39990234375
1139,2022-05-25,7189.0,7053.5
1140,2022-05-26,7136.75,7309.89990234375
1141,2022-05-27,7517.0,7413.5
1142,2022-05-30,7649.9501953125,7462.0498046875
1143,2022-05-31,7639.0,7522.10009765625
1144,2022-06-01,7489.89990234375,7655.7998046875
1145,2022-06-02,7865.0,7680.4501953125
1146,2022-06-03,7700.0498046875,7619.75
1147,2022-06-06,7520.0,7529.14990234375
1148,2022-06-07,7488.75,7370.0
1149,2022-06-08,7369.7001953125,7360.60009765625
1150,2022-06-09,7351.10009765625,7365.35009765625
1151,2022-06-10,7318.14990234375,7211.2001953125
1152,2022-06-13,7068.0498046875,6891.25
1153,2022-06-14,6780.0,6778.9501953125
1154,2022-06-15,6837.2001953125,6812.7998046875
1155,2022-06-16,6879.9501953125,6734.14990234375
1156,2022-06-17,6689.5498046875,6534.0498046875
1157,2022-06-20,6492.60009765625,6533.9501953125
1158,2022-06-21,6570.0,6818.64990234375
1159,2022-06-22,6796.75,7181.5498046875
1160,2022-06-23,7186.89990234375,7288.7998046875
1161,2022-06-24,7264.4501953125,7290.0498046875
1162,2022-06-27,7354.14990234375,7299.14990234375
1163,2022-06-28,7299.2001953125,7652.5
1164,2022-06-29,7651.0,7797.85009765625
1165,2022-06-30,7850.0,7801.14990234375
1166,2022-07-01,7800.0,7816.7998046875
1167,2022-07-04,7852.9501953125,7783.25
1168,2022-07-05,7806.25,7810.2001953125
1169,2022-07-06,7818.0498046875,7960.35009765625
1170,2022-07-07,8043.4501953125,8090.85009765625
1171,2022-07-08,8121.14990234375,8068.14990234375
1172,2022-07-11,8165.0,8091.2001953125
1173,2022-07-12,8161.5,7881.60009765625
1174,2022-07-13,7954.2001953125,7992.25
1175,2022-07-14,8000.0,8130.10009765625
1176,2022-07-15,8088.10009765625,8172.9501953125
1177,2022-07-18,8209.099609375,8280.150390625
1178,2022-07-19,8285.0,8293.2998046875
1179,2022-07-20,8368.7998046875,8151.5
1180,2022-07-21,8229.9501953125,8329.900390625
1181,2022-07-22,8387.150390625,8377.650390625
1182,2022-07-25,8322.0,8372.0
1183,2022-07-26,8347.900390625,8315.0
1184,2022-07-27,8358.650390625,8308.400390625
1185,2022-07-28,8421.0,8284.4501953125
1186,2022-07-29,8311.0,8589.400390625
1187,2022-08-01,8599.75,8721.9501953125
1188,2022-08-02,8828.0,8836.400390625
1189,2022-08-03,8843.0,8947.150390625
1190,2022-08-04,8949.0,8836.2998046875
1191,2022-08-05,9171.900390625,8830.7001953125
1192,2022-08-08,8896.7001953125,8904.9501953125
1193,2022-08-09,,
1194,2022-08-10,8900.0,8778.2001953125
1195,2022-08-11,8833.900390625,8644.0
1196,2022-08-12,8736.4501953125,8599.650390625
1197,2022-08-15,,
1198,2022-08-16,8590.0,8733.25
1199,2022-08-17,8632.0498046875,8646.349609375
1200,2022-08-18,8713.150390625,8620.849609375
1201,2022-08-19,8694.4501953125,8589.2998046875
1202,2022-08-22,8561.0,8495.7001953125
1203,2022-08-23,8520.0,8601.900390625
1204,2022-08-24,8663.849609375,8619.900390625
1205,2022-08-25,8717.5498046875,8646.7998046875
1206,2022-08-26,8724.849609375,8669.0
1207,2022-08-29,8500.150390625,8499.650390625
1208,2022-08-30,8638.75,8545.900390625
1209,2022-08-31,,
1210,2022-09-01,8550.0,8726.75
1211,2022-09-02,8799.0,8757.0
1212,2022-09-05,8835.0498046875,8821.5498046875
1213,2022-09-06,8872.849609375,8865.599609375
1214,2022-09-07,8899.0,9051.4501953125
1215,2022-09-08,9223.099609375,8991.150390625
1216,2022-09-09,9087.650390625,8950.650390625
1217,2022-09-12,9035.0,8943.599609375
1218,2022-09-13,8999.9501953125,8866.7001953125
1219,2022-09-14,8850.0,8591.0498046875
1220,2022-09-15,8652.0,8600.2998046875
1221,2022-09-16,8719.0,8436.7001953125
1222,2022-09-19,8539.7001953125,8474.25
1223,2022-09-20,8570.349609375,8628.5498046875
1224,2022-09-21,8618.0498046875,8536.2998046875
1225,2022-09-22,8513.5498046875,8828.2998046875
1226,2022-09-23,8899.0,8743.099609375
1227,2022-09-26,8743.0,8459.2998046875
1228,2022-09-27,8513.849609375,8461.400390625
1229,2022-09-28,8450.0498046875,8576.2001953125
1230,2022-09-29,8740.0,8711.900390625
1231,2022-09-30,8799.9501953125,8850.599609375
1232,2022-10-03,8851.0,8999.0
1233,2022-10-04,9070.0498046875,9375.5
1234,2022-10-05,,
1235,2022-10-06,9449.0,9234.7001953125
1236,2022-10-07,9289.9501953125,9168.9501953125
1237,2022-10-10,9100.0498046875,9035.2998046875
1238,2022-10-11,9012.150390625,8905.650390625
1239,2022-10-12,8914.0498046875,8970.0498046875
1240,2022-10-13,8957.849609375,8961.75
1241,2022-10-14,8998.099609375,8930.099609375
1242,2022-10-17,8930.099609375,8636.7998046875
1243,2022-10-18,8681.2998046875,8478.400390625
1244,2022-10-19,8526.2001953125,8458.5
1245,2022-10-20,8537.25,8407.4501953125
1246,2022-10-21,8499.0,8277.5
1247,2022-10-24,8445.0498046875,8441.5498046875
1248,2022-10-25,8440.0,8274.4501953125
1249,2022-10-26,,
1250,2022-10-27,8240.25,8199.4501953125
1251,2022-10-28,8115.7998046875,7954.4501953125
1252,2022-10-31,7913.10009765625,7588.60009765625
1253,2022-11-01,7466.39990234375,7347.7001953125
1254,2022-11-02,7340.60009765625,7415.89990234375
1255,2022-11-03,7308.25,7293.2998046875
1256,2022-11-04,7250.0,7168.7001953125
1257,2022-11-07,7169.4501953125,7291.7001953125
1258,2022-11-08,,
1259,2022-11-09,7291.75,7395.14990234375
1260,2022-11-10,7395.14990234375,7251.5498046875
1261,2022-11-11,7345.60009765625,7121.75
1262,2022-11-14,7130.0,7011.0
1263,2022-11-15,7038.0,7092.14990234375
1264,2022-11-16,7129.9501953125,7012.39990234375
1265,2022-11-17,7043.64990234375,7158.39990234375
1266,2022-11-18,7250.0,7114.0498046875
1267,2022-11-21,7105.0498046875,7114.35009765625
1268,2022-11-22,7150.0,7297.7998046875
1269,2022-11-23,7350.0,7377.25
1270,2022-11-24,7450.0,7376.10009765625
1271,2022-11-25,7352.0498046875,7359.7998046875
1272,2022-11-28,7251.0498046875,7544.89990234375
1273,2022-11-29,7523.0498046875,7561.25
1274,2022-11-30,7674.9501953125,7609.0498046875
1275,2022-12-01,7600.0,7546.4501953125
1276,2022-12-02,7560.5498046875,7653.0
1277,2022-12-05,7644.14990234375,7579.39990234375
1278,2022-12-06,7594.10009765625,7511.89990234375
1279,2022-12-07,7545.0,7538.0
1280,2022-12-08,7584.9501953125,7543.7998046875
1281,2022-12-09,7559.85009765625,7623.2001953125
1282,2022-12-12,7584.14990234375,7600.10009765625
1283,2022-12-13,7557.5,7533.89990234375
1284,2022-12-14,7575.89990234375,7488.60009765625
1285,2022-12-15,7480.0,7495.7998046875
1286,2022-12-16,7479.9501953125,7604.35009765625
1287,2022-12-19,7600.0,7697.14990234375
1288,2022-12-20,7691.0,7739.35009765625
1289,2022-12-21,7739.35009765625,7530.85009765625
1290,2022-12-22,7550.0,7488.0
1291,2022-12-23,7407.4501953125,7400.2001953125
1292,2022-12-26,7347.10009765625,7391.64990234375
1293,2022-12-27,7433.35009765625,7517.60009765625
1294,2022-12-28,7499.10009765625,7676.39990234375
1295,2022-12-29,7698.9501953125,7698.2001953125
1296,2022-12-30,7736.60009765625,7731.10009765625
